FID,OBJECTID,SHAPE,STATION,LINIE,BEMERKUNG,ANLAGEN_ID,GRUPPEN_ID,BETREIBER,SE_ANNO_CAD_DATA
AUFZUGOGD.1856,1856,POINT (16.457745041024758 48.22091217599767),HARDEGGASSE,U2,Aufzug fährt vom Aufnahmgebäude Ausgang Hardeggasse auf den Mittelbahnsteig,AR A02,,Wiener Linien,
AUFZUGOGD.1857,1857,POINT (16.430917494172835 48.20622431399511),DONAUMARINA,U2,Aufzug fährt vom stadteinwärtigen Aufnahmegebäude Ausgang Wehlistraße auf den U2-Seitenbahnsteig (Fahrtrichtung 1 nach Karlsplatz),DM A02,,Wiener Linien,
AUFZUGOGD.1858,1858,POINT (16.431094226014327 48.20606046089369),DONAUMARINA,U2,Aufzug fährt vom stadteinwärtigen Aufnahmegebäude Ausgang Wehlistraße auf den U2-Seitenbahnsteig (Fahrtrichtung 2 nach Aspernstraße),DM A03,,Wiener Linien,
AUFZUGOGD.1859,1859,POINT (16.382406398030486 48.15316842907658),ALAUDAGASSE,U1,Aufzug fährt vom U1 Bahnsteig an die Oberfläche Ausgang Per Albin Hansson Siedlung.,AL A03,,Wiener Linien,
AUFZUGOGD.1860,1860,POINT (16.414373465585303 48.1749403295731),ENKPLATZ,U3,Aufzug fährt vom Bahnsteig an die Oberfläche Ausgang Gottschalkgasse.,EK A02,,Wiener Linien,
AUFZUGOGD.1861,1861,POINT (16.38533249426517 48.20600764039198),LANDSTRASSE,U3,Aufzug fährt vom vom Zwischengeschoß an die Oberfläche Ausgang Landstr.Hauptstr.,LA A02,,Wiener Linien,
AUFZUGOGD.1862,1862,POINT (16.508710768699675 48.22689761172103),SEESTADT,U2,Aufzug fährt vom U2 Bahnsteig zum Ausgang Seestadt Promenade.,EE A01,,Wiener Linien,
AUFZUGOGD.1863,1863,POINT (16.40017212574467 48.14165987518465),OBERLAA,U1,Aufzug fährt vom Übergang/Brücke Zugang zur U-Bahn und Therme an die Oberfläche Ausgang Biererlgasse (N+1) bzw. Laaer Berg Straße (N0).,LO A04,,Wiener Linien,
AUFZUGOGD.1864,1864,POINT (16.42427793680462 48.237863581506026),ALTE DONAU,U1,Aufzug fährt vom Aufnahmegebäude Ausgang Arbeiterstrandbadstraße auf den U1-Mittelbahnsteig (Fahrtrichtung 1 nach Leopoldau),AD A01,,Wiener Linien,
AUFZUGOGD.1865,1865,POINT (16.359018679731616 48.18058497994361),,,"Aufzug fährt vom unteren Durchgang zu Bahnsteig der Linen 6, 18, 62 WLB Richtung Kaiserebersdorf (6), Schlachthausgasse (18), Kärntner Ring - Oper (62, WLB) und an die Oberfläche(Bushaltestelle).",MP A06,,Wiener Linien,
AUFZUGOGD.1866,1866,POINT (16.349394532144395 48.180527006244574),,,"Aufzug fährt vom Bahnsteig der Linien 6,18,62, WLB Fahrtrichtung Kaiserebersdorf (6), Schlachthausgasse (18), Kärnter Ring - Oper (62, WLB) an die Oberfläche.",EI A01,,Wiener Linien,
AUFZUGOGD.1867,1867,POINT (16.384562401280668 48.20573575688078),LANDSTRASSE,U3,"Aufzug fährt vom Zwischengeschoß auf den ÖBB Bahnsteig Richtung Floridsdorf, Gänserndorf.",LA A04,,Wiener Linien,
AUFZUGOGD.1868,1868,POINT (16.383026473734265 48.162824203783906),ALTES LANDGUT,U1,Aufzug fährt vom U1 Bahnsteig an die Oberfläche Ausgang Favoritenstraße.,AT A04,,Wiener Linien,
AUFZUGOGD.1869,1869,POINT (16.398691926411807 48.14259820661057),OBERLAA,U1,Aufzug fährt vom U1 Bahnsteig an die Oberfläche Ausgang Laaer Berg Straße.,LO A03,,Wiener Linien,
AUFZUGOGD.1870,1870,POINT (16.383030142831124 48.1628175112782),ALTES LANDGUT,U1,Aufzug fährt vom U1 Bahnsteig an die Oberfläche Ausgang Favoritenstraße.,AT A05,,Wiener Linien,
AUFZUGOGD.1871,1871,POINT (16.374010647161665 48.186037131808575),SÜDTIROLER PLATZ - HAUPTBAHNHOF,U1,Aufzug fährt von Passage zu Bahnsteig der Linie 18 Richtung Burggasse,SL A04,,Wiener Linien,
AUFZUGOGD.1872,1872,POINT (16.37325868133525 48.185623350130804),SÜDTIROLER PLATZ - HAUPTBAHNHOF,U1,Aufzug fährt vom Bahnsteig der Linie 18 Richtung Schlachthausgasse zur Oberfläche Ausgang Laxenburgerstraße.,SL A08,,Wiener Linien,
AUFZUGOGD.1873,1873,POINT (16.368483301532816 48.18416887844824),,18,Aufzug fährt vom Bahnsteig Linie 18 Richtung Schlachthausgasse an die Oberfläche Ausgang Äußerer Wiedner Gürtel (Mazda).,BL A01,,Wiener Linien,
AUFZUGOGD.1874,1874,POINT (16.368222499626924 48.184376757849776),,18,Aufzug fährt vom Bahnsteig Linie 18 Richtung Burggasse an die Oberfläche Ausgang Innerer Wiedner Gürtel.,BL A02,,Wiener Linien,
AUFZUGOGD.1875,1875,POINT (16.38446416457075 48.205745950672174),LANDSTRASSE,U3,"Aufzug fährt vom Zwischengeschoß auf den ÖBB Bahnsteig Richtung Meidling, Flughafen.",LA A05,,Wiener Linien,
AUFZUGOGD.1876,1876,POINT (16.38699548852101 48.14543238771709),NEULAA,U1,Aufzug fährt vom U1 Bahnsteig an die Oberfläche Ausgang Ada Christengasse bzw. Bahnlände.,LN A01,,Wiener Linien,
AUFZUGOGD.1877,1877,POINT (16.384978811476334 48.145920263187485),NEULAA,U1,Aufzug fährt vom U1 Bahnsteig an die Oberfläche Ausgang Favoritenstraße/Bahnlände.,LN A02,,Wiener Linien,
AUFZUGOGD.1878,1878,POINT (16.400940573083517 48.14207347465781),OBERLAA,U1,Aufzug fährt vom U1 Bahnsteig an die Oberfläche Ausgang Kurpark Oberlaa.,LO A01,,Wiener Linien,
AUFZUGOGD.1879,1879,POINT (16.400927507771744 48.14204968658701),OBERLAA,U1,Aufzug fährt vom U1 Bahnsteig an die Oberfläche Ausgang Kurpark Oberlaa.,LO A02,,Wiener Linien,
AUFZUGOGD.1880,1880,POINT (16.32163687206814 48.19752773965182),JOHNSTRASSE,U3,Aufzug fährt vom U3 Bahnsteig an die Oberfläche Ausgang Wasserwelt.,JO A02,,Wiener Linien,
AUFZUGOGD.1881,1881,POINT (16.308924223550253 48.20398407717203),KENDLERSTRASSE,U3,Aufzug fährt vom U3 Bahnsteig an die Oberfläche Ausgang Steinbruchstraße.,KR A03,,Wiener Linien,
AUFZUGOGD.1882,1882,POINT (16.443682153604385 48.250754035108244),KAGRANER PLATZ,U1,Aufzug fährt vom U1-Mittelbahnsteig in das stadtauwärtige Aufnahmegebäude Ausgang Kagraner Platz,KT A03,,Wiener Linien,
AUFZUGOGD.1883,1883,POINT (16.33108624250073 48.180425121935485),NIEDERHOFSTRASSE,U6,Aufzug fährt vom U6 Bahnsteig ins Zwischengeschoß (Telefon) und an die Oberfläche Ausgang Vivenotgasse.,NH A02,,Wiener Linien,
AUFZUGOGD.1884,1884,POINT (16.392922485288167 48.218740062054756),PRATERSTERN,U1,Aufzug fährt vom U2-Mittelbahnsteig in das Zwischengeschoss (Übergang zur U1) und in die Passage,PR A04,,Wiener Linien,
AUFZUGOGD.1885,1885,POINT (16.392884990212416 48.21874801167572),PRATERSTERN,U1,Aufzug fährt vom U2-Mittelbahnsteig in das Zwischengeschoss (Übergang zur U1) und in die Passage,PR A05,,Wiener Linien,
AUFZUGOGD.1886,1886,POINT (16.419931186410615 48.170273859903304),SIMMERING,U3,Aufzug fährt vom Bahnsteig der Linie U3 an die Oberfläche Ausgang Simmeringer Hauptstraße und auf den ÖBB Bahnsteig.,SA A02,,Wiener Linien,
AUFZUGOGD.1887,1887,POINT (16.448576812208984 48.219331559339174),STADLAU,U2,Aufzug fährt vom stadteinwärtigen Aufnahmegebäude Ausgang Kaisermühlenstraße auf den ÖBB-Mittelbahnsteig und auf den U2-Mittelbahnsteig,SD A02,,Wiener Linien,
AUFZUGOGD.1888,1888,POINT (16.450393054755693 48.22012513929097),STADLAU,U2,Aufzug fährt vom stadtauswärtigen Aufnahmegebäude Ausgang Konstanziagasse auf den U2-Mittelbahnsteig,SD A03,,Wiener Linien,
AUFZUGOGD.1889,1889,POINT (16.380084518003372 48.2070229384825),STUBENTOR,U3,Aufzug fährt vom Seitenbahnsteig (Fahrtrichtung 2 nach Ottakring) auf den Seitenbahnsteig (Fahrtrichtung 1 nach Simmering) und in das Aufnahmegebäude Ausgang Parkring,SE A02,,Wiener Linien,
AUFZUGOGD.1890,1890,POINT (16.32950384075855 48.19766329978243),SCHWEGLERSTRASSE,U3,Aufzug fährt vom U3 Bahnsteig zu Oberfläche Benedikt Schellingergasse  und zur Kanzlei Maschinentechnik.,SH A02,,Wiener Linien,
AUFZUGOGD.1891,1891,POINT (16.37329060402213 48.21762944725572),SCHOTTENRING,U2,Aufzug fährt vom U2-Bahnsteig in das Zwischengeschoß Ausgang Donaukai und in das stadtauswärtige Aufnahmegebäude Ausgang Herminengasse,SR A03,,Wiener Linien,
AUFZUGOGD.1892,1892,POINT (16.371589200485047 48.20804861838642),STEPHANSPLATZ,U1,Aufzug fährt vom U1-Bahnsteig (beide Fahrtrichtungen) auf den U3-Seitenbahnsteig (Fahrtrichtung 2 nach Ottakring) und auf den U3-Seitenbahnsteig (Fahrtrichtung nach Simmering) und in das Zwischengeschoß,SZ A02,,Wiener Linien,
AUFZUGOGD.1893,1893,POINT (16.371613757893005 48.20804147199176),STEPHANSPLATZ,U1,Aufzug fährt vom U1-Bahnsteig (beide Fahrtrichtungen) auf den U3-Seitenbahnsteig (Fahrtrichtung 2 nach Ottakring) und auf den U3-Seitenbahnsteig (Fahrtrichtung nach Simmering) und in das Zwischengeschoß,SZ A03,,Wiener Linien,
AUFZUGOGD.1894,1894,POINT (16.382423879327064 48.219422935176496),TABORSTRASSE,U2,Aufzug fährt vom U2-Bahnsteig in das stadtauswärtige Aufnahmegebäude Ausgang Novaragasse,TB A03,,Wiener Linien,
AUFZUGOGD.1895,1895,POINT (16.373631912652108 48.18646557770892),SÜDTIROLER PLATZ - HAUPTBAHNHOF,U1,Aufzug fährt vom Bahnsteig ins Zwischengeschoß zum alten Südtirolerplatz und ins Zwischengeschoß zum Aufgang Favoritenstraße.,SL A02,,Wiener Linien,
AUFZUGOGD.1896,1896,POINT (16.380122522869048 48.207063374559745),STUBENTOR,U3,Aufzug fährt vom Seitenbahnsteig (Fahrtrichtung 2 nach Ottakring) auf den Seitenbahnsteig (Fahrtrichtung 1 nach Simmering) und in das Aufnahmegebäude Ausgang Parkring,SE A03,,Wiener Linien,
AUFZUGOGD.1897,1897,POINT (16.37116375047153 48.217187061115595),SCHOTTENRING,U2,Aufzug fährt vom U2-Bahnsteig auf den U4-Mittelbahnsteig und in das Aufnahmegebäude Ausgang Schottenring,SR A02,,Wiener Linien,
AUFZUGOGD.1898,1898,POINT (16.33950879938421 48.195967290522425),WESTBAHNHOF,U3,Aufzug fährt vom U3 Bahnsteig zu Zwischengeschoß (Stationswart)  und zum U6 Bahnsteig.,WS A03,,Wiener Linien,
AUFZUGOGD.1899,1899,POINT (16.5045418772887 48.234491451858695),ASPERN NORD,U2,Aufzug fährt vom U2 Bahnsteig in die Passage zu allen Ausgängen der Station.,AN A03,,Wiener Linien,
AUFZUGOGD.1900,1900,POINT (16.50453490454257 48.23453746399786),ASPERN NORD,U2,Aufzug fährt vom U2 Bahnsteig in die Passage zu allen Ausgängen der Station.,AN A04,,Wiener Linien,
AUFZUGOGD.1901,1901,POINT (16.508063970622747 48.22552127643799),SEESTADT,U2,Aufzug fährt vom U2 Bahnsteig zum Ausgang Seestadtstraße.,EE A03,,Wiener Linien,
AUFZUGOGD.1902,1902,POINT (16.462076407522368 48.24567861817152),,26,Aufzug fährt vom Bahnsteig zum Ausgang Gewerbepark Stadlau.,GWP A01,,Wiener Linien,
AUFZUGOGD.1903,1903,POINT (16.4621835460033 48.24565421833101),,26,Aufzug fährt vom Bahnsteig zum Ausgang Gewerbepark Stadlau.,GWP A02,,Wiener Linien,
AUFZUGOGD.1904,1904,POINT (16.40021047190858 48.1416195592215),OBERLAA,U1,Aufzug fährt vom Übergang/Brücke Zugang zur U-Bahn und Therme an die Oberfläche Ausgang Biererlgasse (N+1) bzw. Laaer Berg Straße (N0).,LO A05,,Wiener Linien,
AUFZUGOGD.1905,1905,POINT (16.286502821974157 48.19096718959102),UNTER ST.VEIT,U4,Aufzug fährt vom Bahnsteig der Linie U4 Gleis 1 Richtung Heiligenstadt an die Oberfläche.,UV A01,,Wiener Linien,
AUFZUGOGD.1601,1601,POINT (16.260359227052337 48.19618087236589),Lilienberggasse,,Aufzug fährt von der Lilienberggasse auf den Hackinger Steg,WL_1,,Stadt Wien,
AUFZUGOGD.1602,1602,POINT (16.391190989551056 48.18785592022561),Ghegastraße,,Aufzug fährt von der Ghegastraße in die Passage,WL_2,,Stadt Wien,
AUFZUGOGD.1603,1603,POINT (16.356510133572137 48.198946974616945),Stiegengasse,,Aufzug fährt von der Stiegngasse auf die Ebene Windmühlgasse,WL_3,,Stadt Wien,
AUFZUGOGD.1604,1604,POINT (16.33205718747548 48.16348827489374),Eibesbrunnergasse,,Aufzug fährt von der Eibesbrunnergasse auf den Eibesbrunnersteg,WL_4,,Stadt Wien,
AUFZUGOGD.1605,1605,POINT (16.331680823503333 48.16311054272796),"Eibesbrunnengasse,Tscherttegasse",,Aufzug fährt von der Eibesbrunnergasse auf den Eibesbrunnersteg,WL_5,,Stadt Wien,
AUFZUGOGD.1606,1606,POINT (16.35628258914631 48.236142911830605),Skywalk,,Aufzug fährt vom Döblinger Gürtel auf den Skywalk,WL_6,,Stadt Wien,
AUFZUGOGD.1607,1607,POINT (16.282966322879883 48.13551584181887),Liesinger Platz,,Aufzug fährt vom Liesinger Platz auf den darüber liegenden Steg,WL_7,,Stadt Wien,
AUFZUGOGD.1608,1608,POINT (16.279861235273863 48.136890343541936),Riverside,,Aufzug fährt vom Vorplatz Riverside auf die darüber liegende Ebene,WL_8,,Stadt Wien,
AUFZUGOGD.1609,1609,POINT (16.362154132990472 48.21396451760762),Universitätsring,,Aufzug fährt von der Oberfläche in die Passage,WL_9,,Stadt Wien,
AUFZUGOGD.1610,1610,POINT (16.36946681720059 48.2026401660621),Opernring,,Aufzug fährt von der Oberfläche in die Passage,WL_10,,Stadt Wien,
AUFZUGOGD.1611,1611,POINT (16.36973547674506 48.20202854826027),Opernring,,Aufzug fährt von der Oberfläche in die Passage,WL_11,,Stadt Wien,
AUFZUGOGD.1612,1612,POINT (16.45163917932792 48.227264344365665),Smolagasse,,Aufzug fährt vom Fußweg in der Smolagasse auf den Vernholzsteg,WL_12,,Stadt Wien,
AUFZUGOGD.1613,1613,POINT (16.45208307553934 48.22714698606989),Vernholzgasse,,Aufzug fährt von der Vernholzgasse auf den Vernholzsteg,WL_13,,Stadt Wien,
AUFZUGOGD.1614,1614,POINT (16.260990792697275 48.19662195564189),Hackingersteg,,Aufzug fährt vom Vorplatz des Bahnhofs auf den Hackiner Steg,WL_14,,Stadt Wien,
AUFZUGOGD.1615,1615,POINT (16.424081412613695 48.23798603556844),ALTE DONAU,U1,Aufzug fährt vom Aufnahmegebäude Ausgang Arbeiterstrandbadstraße auf den U1-Seitenbahnsteig (Fahrtrichtung 2 nach Reumannplatz),AD A02,,Wiener Linien,
AUFZUGOGD.1616,1616,POINT (16.41576797213797 48.232628034746675),KAISERMÜHLEN - V.I.C.,U1,Aufzug fährt vom Aufnahmegebäude Ausgang Schüttaustraße auf den U1-Seitenbahnsteig (Fahrtrichtung 2 nach Reumannplatz),KM A02,,Wiener Linien,
AUFZUGOGD.1617,1617,POINT (16.41603124265991 48.2324478067877),KAISERMÜHLEN - V.I.C.,U1,Aufzug fährt vom Aufnahmegebäude Ausgang Schüttaustraße auf den U1-Seitenbahnsteig (Fahrtrichtung 1 nach Leopoldau),KM A01,,Wiener Linien,
AUFZUGOGD.1618,1618,POINT (16.443662191341353 48.25075555023879),KAGRANER PLATZ,U1,Aufzug fährt vom U1-Mittelbahnsteig in das stadtauwärtige Aufnahmegebäude Ausgang Kagraner Platz,KT A04,,Wiener Linien,
AUFZUGOGD.1619,1619,POINT (16.44299136380755 48.24991417167471),KAGRANER PLATZ,U1,Aufzug fährt vom U1-Mittelbahnsteig in das stadteinwärtige Aufnahmegebäude Ausgang Donaufelderstraße/Wagramerstraße.,KT A01,,Wiener Linien,
AUFZUGOGD.1620,1620,POINT (16.450077960553156 48.258202002964005),RENNBAHNWEG,U1,Aufzug fährt vom U1 Mittelbahnsteig in das stadtauswärtige Aufnahmegebäude Ausgang Wagramerstraße,RB A02,,Wiener Linien,
AUFZUGOGD.1621,1621,POINT (16.44926098340932 48.25705608125626),RENNBAHNWEG,U1,Aufzug fährt vom U1-Mittelbahnsteig in das stadteinwärtige Aufnahmegebäude Ausgang Rennbahnweg,RB A01,,Wiener Linien,
AUFZUGOGD.1622,1622,POINT (16.45169552999062 48.26413739158861),ADERKLAAER STRASSE,U1,Aufzug fährt vom U1-Mittelbahnsteig in das stadtauswärtige Aufnahmegebäude Ausgang Baldassgasse,AK A02,,Wiener Linien,
AUFZUGOGD.1623,1623,POINT (16.45156670896908 48.262847869478364),ADERKLAAER STRASSE,U1,Aufzug fährt vom U1-Mittelbahnsteig in das stadteinwärtige Aufnahmegebäude Ausgang Aderklaaer Straße,AK A01,,Wiener Linien,
AUFZUGOGD.1624,1624,POINT (16.44756674600681 48.271732802368696),GROSSFELDSIEDLUNG,U1,Aufzug fährt vom U1-Mittelbahnsteig in das stadtauswärtige Aufnahmegebäude Ausgang Gitlbauergasse/Kürschnergasse,GF A02,,Wiener Linien,
AUFZUGOGD.1625,1625,POINT (16.448180899997507 48.27039179322751),GROSSFELDSIEDLUNG,U1,Aufzug fährt vom U1-Mittelbahnsteig in das stadteinwärtige Aufnahmegebäude Ausgang Dopschstraße,GF A01,,Wiener Linien,
AUFZUGOGD.1626,1626,POINT (16.452669637457554 48.277525615984736),LEOPOLDAU,U1,Aufzug fährt vom Zwischengeschoss (Parkhaus) in das stadtauswärtige Aufnahmegebäude Ausgang Schererstraße,LU A04,,Wiener Linien,
AUFZUGOGD.1627,1627,POINT (16.451055330633263 48.27720601827523),LEOPOLDAU,U1,Aufzug fährt von der Passage in das Aufnahmegebäude Ausgang Schererstraße,LU A03,,Wiener Linien,
AUFZUGOGD.1628,1628,POINT (16.452574933461616 48.27768116776275),LEOPOLDAU,U1,Aufzug fährt vom Zwischengeschoss (Parkhaus) auf den U1-Mittelbahnsteig,LU A02,,Wiener Linien,
AUFZUGOGD.1629,1629,POINT (16.45133977159016 48.27741115705273),LEOPOLDAU,U1,Aufzug fährt von der Passage auf den U1-Mittelbahnsteig,LU A01,,Wiener Linien,
AUFZUGOGD.1630,1630,POINT (16.39290990499657 48.219705887004146),PRATERSTERN,U1,Aufzug fährt vom U1-Seitenbahnsteig (Fahrtrichtung 1 nach Leopoldau) in das Zwischengeschoß (Übergang zur U2) und in das Aufnahmegebäude Ausgang Lassallestraße,PR A02,,Wiener Linien,
AUFZUGOGD.1631,1631,POINT (16.39299289715043 48.219625737241536),PRATERSTERN,U1,Aufzug fährt vom U1-Seitenbahnsteig (Fahrtrichtung 2 nach Reumannplatz) in das Zwischengeschoß (Übergang zur U2) und in das Aufnahmegebäude Ausgang Lassallestraße,PR A01,,Wiener Linien,
AUFZUGOGD.1632,1632,POINT (16.40050895580431 48.22310290981805),VORGARTENSTRASSE,U1,Aufzug fährt vom U1-Seitenbahnsteig (Fahrtrichtung 1 nach Leopoldau) in das stadteinwärtige Aufnahmegebäude Ausgang Radingerstraße,VS A01,,Wiener Linien,
AUFZUGOGD.1633,1633,POINT (16.40013662207934 48.22339816919162),VORGARTENSTRASSE,U1,Aufzug fährt vom U1-Seitenbahnsteig (Fahrtrichtung 2 nach Reumannplatz) in das stadteinwärtige Aufnahmegebäude Ausgang Radingerstraße,VS A02,,Wiener Linien,
AUFZUGOGD.1635,1635,POINT (16.371567845083753 48.20805362160386),STEPHANSPLATZ,U1,Aufzug fährt vom U1-Bahnsteig (beide Fahrtrichtungen) auf den U3-Seitenbahnsteig (Fahrtrichtung 2 nach Ottakring) und auf den U3-Seitenbahnsteig (Fahrtrichtung nach Simmering) und in das Zwischengeschoß,SZ A01,,Wiener Linien,
AUFZUGOGD.1636,1636,POINT (16.43269450471011 48.24283477220358),KAGRAN,U1,Aufzug fährt vom Aufnahmegebäude Ausgang Anton-Sattler-Gasse auf den U1-Mittelbahnsteig,ZK A01,,Wiener Linien,
AUFZUGOGD.1637,1637,POINT (16.44296951752445 48.249916729843555),KAGRANER PLATZ,U1,Aufzug fährt vom U1-Mittelbahnsteig in das stadteinwärtige Aufnahmegebäude Ausgang Donaufelderstraße/Wagramerstraße.,KT A02,,Wiener Linien,
AUFZUGOGD.1638,1638,POINT (16.35671805856081 48.20585640220182),VOLKSTHEATER,U2,Aufzug fährt vom U2 Bahnsteig Fahrtrichtung Karlsplatz an die Oberfläche Ausgang Neustiftgasse.,VT A07,,Wiener Linien,
AUFZUGOGD.1639,1639,POINT (16.369401055670984 48.20210935616144),KARLSPLATZ,U1,Aufzug fährt vom U1 Bahnsteig in die Karlsplatzpassage.,KP A04,,Wiener Linien,
AUFZUGOGD.1640,1640,POINT (16.36625133400449 48.20067025626951),KARLSPLATZ,U1,Aufzug fährt von der Passage (Ostpassage) an die Oberfläche Ausgang Secession.,KP A07,,Wiener Linien,
AUFZUGOGD.1641,1641,POINT (16.37360089062511 48.186469534963365),SÜDTIROLER PLATZ - HAUPTBAHNHOF,U1,Aufzug fährt vom Bahnsteig ins Zwischengeschoß zum alten Südtirolerplatz und ins obere Zwischengeschoß Aufgang Favoritenstraße.,SL A01,,Wiener Linien,
AUFZUGOGD.1642,1642,POINT (16.357570720787272 48.2059000937212),VOLKSTHEATER,U2,Aufzug fährt vom U2 Bahnsteig Fahrtrichtung Seestadt an die Oberfläche Ausgang Volksgartenstraße.,VT A08,,Wiener Linien,
AUFZUGOGD.1643,1643,POINT (16.376966284932205 48.21162672301884),SCHWEDENPLATZ,U1,Aufzug fährt vom U1-Bahnsteig (beide Fahrtrichtungen) in das Zwischengeschoß (Übergang zur U4) und in das Aufnahmegebäude Ausgang Schwedenplatz,SP A01,,Wiener Linien,
AUFZUGOGD.1644,1644,POINT (16.377929347495307 48.211854645396414),SCHWEDENPLATZ,U1,Aufzug fährt vom Zwischengeschoß (Übergang zur U1) auf den U4-Mittelbahnsteig.,SP A02,,Wiener Linien,
AUFZUGOGD.1645,1645,POINT (16.377861925197045 48.211833096066314),SCHWEDENPLATZ,U1,Aufzug fährt vom U1-Bahnsteig (beide Fahrtrichungen) in das Zwischengeschoß (Übergang zur U4),SP A03,,Wiener Linien,
AUFZUGOGD.1646,1646,POINT (16.37328120532799 48.18624549353953),SÜDTIROLER PLATZ - HAUPTBAHNHOF,U1,Aufzug fährt von der Zwischengeschoß (Passage) an die Oberfläche Aufgang Favoritenstraße.,SL A03,,Wiener Linien,
AUFZUGOGD.1647,1647,POINT (16.376135959186826 48.179316007565696),KEPLERPLATZ,U1,Aufzug fährt vom Bahnsteig der Linie U1 an die Oberfläche.,KE A01,,Wiener Linien,
AUFZUGOGD.1648,1648,POINT (16.3929827673478 48.21873083131581),PRATERSTERN,U1,Aufzug fährt vom U2-Mittelbahnsteig in das Zwischengeschoss (Übergang zur U1) und in die Passage,PR A03,,Wiener Linien,
AUFZUGOGD.1649,1649,POINT (16.39457275697892 48.21838961435852),PRATERSTERN,U1,Aufzug fährt vom U2-Mittelbahnsteig in das Aufnahmegebäude Ausgang Venediger Au/Ausstellungsstraße,PR A06,,Wiener Linien,
AUFZUGOGD.1650,1650,POINT (16.39043221515999 48.21871873898181),PRATERSTERN,U1,Aufzug fährt von der Passage in das stadteinwärtige Aufnahmegebäude Praterstraße,PR A07,,Wiener Linien,
AUFZUGOGD.1651,1651,POINT (16.385499448705566 48.21527757117787),NESTROYPLATZ,U1,Aufzug fährt vom U1-Mittelbahnsteig an die Oberfläche Ausgang Praterstraße,NP A01,,Wiener Linien,
AUFZUGOGD.1652,1652,POINT (16.377650950524675 48.17558605191448),REUMANNPLATZ,U1,Aufzug fährt vom Bahnsteig der Linie U1 an die Oberfläche Ausgang Favoritenstraße (Stadteinwärtige Seite),RP A01,,Wiener Linien,
AUFZUGOGD.1653,1653,POINT (16.36107904116248 48.20253556231729),MUSEUMSQUARTIER,U2,Aufzug fährt vom Seitenbahnsteig (Fahrtrichtung 1 nach Karlsplatz) in das Zwischengeschoss und in das Aufnahmegebäude Ausgang Museumsquartier,BA A01,,Wiener Linien,
AUFZUGOGD.1654,1654,POINT (16.36134617380409 48.20289480150938),MUSEUMSQUARTIER,U2,Aufzug fährt vom Seitenbahnsteig (Fahrtrichtung 2 nach Aspernstraße) in das Zwischengeschoss und in das Aufnahmegebäude Ausgang Museumsquartier,BA A02,,Wiener Linien,
AUFZUGOGD.1655,1655,POINT (16.355649167816292 48.21042212809935),RATHAUS,U2,Aufzug fährt vom Seitenbahnsteig (Fahrtrichtung 2 nach Aspernstraße) in das Aufnahmegebäude Ausgang Friedrich-Schmidt-Platz,RH A02,,Wiener Linien,
AUFZUGOGD.1656,1656,POINT (16.355191523902995 48.21023422776665),RATHAUS,U2,Aufzug fährt vom Seitenbahnsteig (Fahrtrichtung 1 nach Karlsplatz) in das Aufnahmegebäude Ausgang Josefstädter Straße,RH A01,,Wiener Linien,
AUFZUGOGD.1657,1657,POINT (16.36253810444757 48.21487651514337),SCHOTTENTOR UNIVERSITÄT,U2,Aufzug fährt vom U2-Mittelbahnsteig in die Passage,SO A01,,Wiener Linien,
AUFZUGOGD.1658,1658,POINT (16.43215512659471 48.20663223582698),DONAUMARINA,U2,Aufzug fährt vom stadtauswärtigen Aufnahmegebäude Ausgang Donaumarina auf den U2-Seitenbahnsteig (Fahrtrichtung 2 nach Aspernstraße),DM A06,,Wiener Linien,
AUFZUGOGD.1659,1659,POINT (16.415631278536654 48.17456087946706),ENKPLATZ,U3,Aufzug fährt vom Bahnsteig an die Oberfläche Ausgang Simmeringer Hauptstraße.,EK A01,,Wiener Linien,
AUFZUGOGD.1660,1660,POINT (16.36938581904414 48.202111527038696),KARLSPLATZ,U1,Aufzug fährt vom U1 Bahnsteig in die Karlsplatzpassage.,KP A03,,Wiener Linien,
AUFZUGOGD.1661,1661,POINT (16.36871466687745 48.20114309614136),KARLSPLATZ,U2,Aufzug fährt vom Bahnsteig der Linie U3 Richtung Aspernstraße in das Zwischengeschoß und in die Passage.,KP A02,,Wiener Linien,
AUFZUGOGD.1662,1662,POINT (16.368636952067668 48.20101462824892),KARLSPLATZ,U2,Aufzug fährt von U2 Bahnsteig Endstation in das Zwischengeschoß und in die Passage,KP A06,,Wiener Linien,
AUFZUGOGD.1663,1663,POINT (16.370404442966077 48.19373820394858),TAUBSTUMMENGASSE,U1,Aufzug fährt vom Bahnsteig der Linie U1 an die Oberfläche Favoritenstraße.,TA A01,,Wiener Linien,
AUFZUGOGD.1664,1664,POINT (16.431956061547407 48.20678119749625),DONAUMARINA,U2,Aufzug fährt vom stadtauswärtigen Aufnahmegebäude Ausgang Donaumarina auf den U2-Seitenbahnsteig (Fahrtrichtung 1 nach Karlsplatz),DM A05,,Wiener Linien,
AUFZUGOGD.1634,1634,POINT (16.371855530346593 48.20830026066571),STEPHANSPLATZ,U1,Aufzug fährt vom Zwischengeschoß an die Oberfläche Ausgang Stephansplatz,SZ A04,,Wiener Linien,
AUFZUGOGD.1665,1665,POINT (16.431070055017887 48.20607951681419),DONAUMARINA,U2,Aufzug fährt vom stadteinwärtigen Aufnahmegebäude Ausgang Wehlistraße auf den U2-Seitenbahnsteig (Fahrtrichtung 2 nach Aspernstraße),DM A04,,Wiener Linien,
AUFZUGOGD.1666,1666,POINT (16.430932653004326 48.20620843834832),DONAUMARINA,U2,Aufzug fährt vom stadteinwärtigen Aufnahmegebäude Ausgang Wehlistraße auf den U2-Seitenbahnsteig (Fahrtrichtung 1 nach Karlsplatz),DM A01,,Wiener Linien,
AUFZUGOGD.1667,1667,POINT (16.45774558492988 48.22090203828524),HARDEGGASSE,U2,Aufzug fährt vom Aufnahmgebäude Ausgang Hardeggasse auf den Mittelbahnsteig,AR A01,,Wiener Linien,
AUFZUGOGD.1668,1668,POINT (16.440749336646483 48.21205243138802),DONAUSTADTBRÜCKE,U2,Aufzug fährt vom stadtauswärtigen Aufnahmegebäude Ausgang Effenbergplatz auf den U2-Seitenbahnsteig (Fahrtrichtung 2 nach Aspernstraße),DT A04,,Wiener Linien,
AUFZUGOGD.1669,1669,POINT (16.44055018778746 48.21215889424832),DONAUSTADTBRÜCKE,U2,Aufzug fährt vom stadtauswärtigen Aufnahmegebäude Ausgang Effenbergplatz auf den U2-Seitenbahnsteig (Fahrtrichtung 1 nach Karlsplatz),DT A03,,Wiener Linien,
AUFZUGOGD.1670,1670,POINT (16.439667368323175 48.211375742357866),DONAUSTADTBRÜCKE,U2,Aufzug fährt vom stadteinwärtigen Aufnahmegebäude Ausgang Neue Donau auf den U2-Seitenbahnsteig (Fahrtrichtung 2 nach Aspernstraße),DT A02,,Wiener Linien,
AUFZUGOGD.1671,1671,POINT (16.43949913957321 48.211514695030296),DONAUSTADTBRÜCKE,U2,Aufzug fährt vom stadteinwärtigen Aufnahmegebäude Ausgang Neue Donau auf den U2-Seitenbahnsteig (Fahrtrichtung 1 nach Karlsplatz),DT A01,,Wiener Linien,
AUFZUGOGD.1672,1672,POINT (16.44079119755484 48.212270826790984),DONAUSTADTBRÜCKE,U2,Aufzug fährt vom Effenbergplatz zur Passage zur Parkgarage,DT A05,,Wiener Linien,
AUFZUGOGD.1673,1673,POINT (16.45036579455514 48.22014182268999),STADLAU,U2,Aufzug fährt vom stadtauswärtigen Aufnahmegebäude Ausgang Konstanziagasse auf den U2-Mittelbahnsteig,SD A04,,Wiener Linien,
AUFZUGOGD.1674,1674,POINT (16.448554999319825 48.219342684579345),STADLAU,U2,Aufzug fährt vom stadteinwärtigen Aufnahmegebäude Ausgang Kaisermühlenstraße auf den ÖBB-Mittelbahnsteig und auf den U2-Mittelbahnsteig,SD A01,,Wiener Linien,
AUFZUGOGD.1675,1675,POINT (16.467634818657537 48.2192653379189),DONAUSPITAL,U2,Aufzug fährt vom stadtauswärtigen Aufnahmegebäude Ausgang Kapellenweg auf den Mittelbahnsteig,DP A02,,Wiener Linien,
AUFZUGOGD.1676,1676,POINT (16.465361391920037 48.21959818306165),DONAUSPITAL,U2,Aufzug fährt vom stadteinwärtigen Aufnahmegebäude Ausgang Zschokkegasse auf den Mittelbahnsteig,DP A01,,Wiener Linien,
AUFZUGOGD.1677,1677,POINT (16.474445913719638 48.22197198099604),ASPERNSTRASSE,U2,Aufzug fährt vom stadteinwärtigen Aufnahmegebäude Ausgang Erzherzog-Karl Straße auf den Mittelbahnsteig,AP A02,,Wiener Linien,
AUFZUGOGD.1678,1678,POINT (16.474821837388 48.22246470895894),ASPERNSTRASSE,U2,Aufzug fährt vom stadtauswärtigen Aufnahmegebäude Ausgang Aspernstraße auf den Mittelbahnsteig,AP A01,,Wiener Linien,
AUFZUGOGD.1679,1679,POINT (16.3822553787953 48.21946107382172),TABORSTRASSE,U2,Aufzug fährt vom U2-Bahnsteig in das stadtauswärtige Aufnahmegebäude Ausgang Novaragasse,TB A02,,Wiener Linien,
AUFZUGOGD.1680,1680,POINT (16.38047359540028 48.21911675419233),TABORSTRASSE,U2,Aufzug fährt vom U2-Bahnsteig in das Zwischengeschoß und in das stadteinwärtige Aufnahmegebäude Ausgang Taborstraße/Obere Augartenstraße,TB A01,,Wiener Linien,
AUFZUGOGD.1681,1681,POINT (16.40603078385279 48.2177945663102),MESSE PRATER,U2,Aufzug fährt vom stadtauswärtigen Aufnahmegebäude Ausgang Messe auf den U2-Mittelbahnsteig,MS A02,,Wiener Linien,
AUFZUGOGD.1682,1682,POINT (16.403806657191147 48.2177855862784),MESSE PRATER,U2,Aufzug fährt vom stadteinwärtigen Aufnahmegebäude Prater auf den U2-Mittelbahnsteig,MS A01,,Wiener Linien,
AUFZUGOGD.1683,1683,POINT (16.41297917997415 48.215095006128166),KRIEAU,U2,Aufzug fährt vom stadteinwärtigen Aufnahmegebäude Ausgang Sturgasse auf den U2-Mittelbahnsteig,KI A01,,Wiener Linien,
AUFZUGOGD.1684,1684,POINT (16.414614425979533 48.21424205740023),KRIEAU,U2,Aufzug fährt vom stadtauswärtigen Aufnahmegebäude Ausgang Krieau auf den U2-Mittelbahnsteig,KI A02,,Wiener Linien,
AUFZUGOGD.1685,1685,POINT (16.371221911059802 48.21720528609735),SCHOTTENRING,U2,Aufzug fährt vom U2-Bahnsteig auf den U4-Mittelbahnsteig und in das Aufnahmegebäude Ausgang Schottenring,SR A01,,Wiener Linien,
AUFZUGOGD.1686,1686,POINT (16.373267353464776 48.21764658682395),SCHOTTENRING,U2,Aufzug fährt vom U2-Bahnsteig in das Zwischengeschoß Ausgang Donaukai und in das stadtauswärtige Aufnahmegebäude Ausgang Herminengasse,SR A04,,Wiener Linien,
AUFZUGOGD.1687,1687,POINT (16.419483394962935 48.21131126943514),STADION,U2,Aufzug fährt vom stadteinwärtigen Aufnahmegebäude Ausgang Stella-Klein-Löw-Weg auf den U2-Bahnsteig (Fahrtrichtung 1 nach Karlsplatz),SW A01,,Wiener Linien,
AUFZUGOGD.1688,1688,POINT (16.419333728468956 48.21122175145432),STADION,U2,Aufzug fährt vom stadteinwärtigen Aufnahmegebäude Ausgang Stella-Klein-Löw-Weg auf den U2-Bahnsteig (Fahrtrichtung 2 nach Aspernstraße),SW A02,,Wiener Linien,
AUFZUGOGD.1689,1689,POINT (16.420965016401723 48.21026639792707),STADION,U2,Aufzug fährt vom stadtauswärtigen Aufnahmegebäude Ausgang Stadion auf den U2-Bahnsteig (Fahrtrichtung 1 nach Karlsplatz),SW A03,,Wiener Linien,
AUFZUGOGD.1690,1690,POINT (16.42081891839881 48.210181638441),STADION,U2,Aufzug fährt vom stadtauswärtigen Aufnahmegebäude Ausgang Stadion auf den U2-Bahnsteig (Fahrtrichtung 2 nach Aspernstraße),SW A04,,Wiener Linien,
AUFZUGOGD.1691,1691,POINT (16.41345784532729 48.191868964268096),ERDBERG,U3,Aufzug fährt vom Mittelbahnsteig in das stadteinwärtige Aufnahmegebäude Ausgang Nottendorfer Straße,ED A03,,Wiener Linien,
AUFZUGOGD.1692,1692,POINT (16.414784592566466 48.19098338051992),ERDBERG,U3,Aufzug fährt vom Mittelbahnsteig in das stadtauswärtige Aufnahmegbeäude Ausgang Franzosengraben,ED A02,,Wiener Linien,
AUFZUGOGD.1693,1693,POINT (16.414766296423988 48.19088742159273),ERDBERG,U3,Aufzug fährt vom stadtauswärtigen Aufnahmegebäude Ausgang Erdbergstraße in das Zwischengeschoss,ED A01,,Wiener Linien,
AUFZUGOGD.1694,1694,POINT (16.34489658213726 48.196925902875456),ZIEGLERGASSE,U3,Aufzug fährt vom Zwischengeschoß (West) an die Oberfläche Ausgang Schottenfeldgasse.,GZ A01,,Wiener Linien,
AUFZUGOGD.1704,1704,POINT (16.31163252784257 48.21159916262628),OTTAKRING,U3,Aufzug fährt vom Gleis 2 Endstation an die Oberfläche Ausgang Thaliastraße.,OK A02,,Wiener Linien,
AUFZUGOGD.1705,1705,POINT (16.30940008664675 48.20531055920216),KENDLERSTRASSE,U3,Aufzug fährt vom U3 Bahnsteig an die Oberfläche Ausgang Opfermanngasse.,KR A01,,Wiener Linien,
AUFZUGOGD.1706,1706,POINT (16.30892616408617 48.20400333302918),KENDLERSTRASSE,U3,Aufzug fährt vom U3 Bahnsteig an die Oberfläche Ausgang Steinbruchstraße.,KR A02,,Wiener Linien,
AUFZUGOGD.1707,1707,POINT (16.4127465781998 48.181362815514746),ZIPPERERSTRASSE,U3,Aufzug fährt vom Bahnsteig zu Oberfläche Ausgang Eisteichstraße und zu Oberfläche Augang Hyblerpark.,PP A02,,Wiener Linien,
AUFZUGOGD.1708,1708,POINT (16.41132551839318 48.17957122180188),ZIPPERERSTRASSE,U3,Aufzug fährt vom Bahnsteig an die Oberfläche Ausgang Zippererstraße / Simmeringer Hauptstraße.,PP A01,,Wiener Linien,
AUFZUGOGD.1709,1709,POINT (16.32951077499921 48.19765362345946),SCHWEGLERSTRASSE,U3,Aufzug fährt vom U3 Bahnsteig zur Oberfläche Ausgang Benedikt Schellingergasse.,SH A01,,Wiener Linien,
AUFZUGOGD.1710,1710,POINT (16.414398569068 48.17495024555412),ENKPLATZ,U3,Aufzug fährt vom Bahnsteig an die Oberfläche Ausgang Gottschalkgasse.,EK A03,,Wiener Linien,
AUFZUGOGD.1711,1711,POINT (16.311855419032323 48.199477467643064),HÜTTELDORFER STR.,U3,Aufzug fährt vom Bahnsteig an die Oberfläche Ausgang Hütteldorferstr./Breitenseerstraße.,HH A04,,Wiener Linien,
AUFZUGOGD.1712,1712,POINT (16.31088934439396 48.20017364790778),HÜTTELDORFER STR.,U3,Aufzug fährt vom Bahnsteig an die Oberfläche Ausgang Feilplatz.,HH A01,,Wiener Linien,
AUFZUGOGD.1713,1713,POINT (16.35108628448655 48.198774103755795),NEUBAUGASSE,U3,Aufzug fährt vom Zwischengeschoß an die Oberfläche Ausgang Neubaugasse.(West),MA A01,,Wiener Linien,
AUFZUGOGD.1714,1714,POINT (16.35130340156852 48.198800249219104),NEUBAUGASSE,U3,Aufzug fährt vom Gleis 2 Richtung Ottakring zu Gleis 1 Richtung Erdberg  und ins Zwischengeschoß Ausgang Stiftgasse/Kirchengasse.(Ost),MA A04,,Wiener Linien,
AUFZUGOGD.1715,1715,POINT (16.3531365958631 48.19947813830029),NEUBAUGASSE,U3,Aufzug fährt vom Gleis 2 Richtung Ottakring zu Gleis 1 Richtung Erdberg und in das Zwischengeschoß Ausgang Neubaugasse/Amerlingstr. (West),MA A02,,Wiener Linien,
AUFZUGOGD.1716,1716,POINT (16.35479068810974 48.20015126895836),NEUBAUGASSE,U3,Aufzug fährt vom Zwischengeschoß an die Oberfläche Ausgang Kirchengasse.(Ost),MA A03,,Wiener Linien,
AUFZUGOGD.1717,1717,POINT (16.336986014098006 48.19588640947909),WESTBAHNHOF,U3,Aufzug fährt vom U3 Bahnsteig an die Oberfläche Ausgang Gerstnergasse (Äusere Mariahilferstraße).,WS A11,,Wiener Linien,
AUFZUGOGD.1718,1718,POINT (16.338499750496627 48.195689686337374),WESTBAHNHOF,U3,Aufzug fährt vom Zwischengeschoß (Stationsw.) an die Oberfläche Äußere Mariahilferstraße. (Niedermeyer),WS A10,,Wiener Linien,
AUFZUGOGD.1719,1719,POINT (16.33911197549412 48.19714272942584),WESTBAHNHOF,U3,Aufzug fährt vom U6 Bahnsteig an die Oberfläche Westbahnhof.,WS A01,,Wiener Linien,
AUFZUGOGD.1720,1720,POINT (16.340241298522567 48.19612111311532),WESTBAHNHOF,U3,Aufzug fährt vom Zwischengeschoß (Stationswart) zu Zwischengeschoß (Toilette) und an die Oberfläche (Innere Mariahilferstraße),WS A06,,Wiener Linien,
AUFZUGOGD.1721,1721,POINT (16.357671574497168 48.20473153754552),VOLKSTHEATER,U3,Aufzug fährt vom Bahnsteig der Linie U2 (Richtung Karlsplatz) an die Oberfläche Ausgang Burggasse.,VT A01,,Wiener Linien,
AUFZUGOGD.1722,1722,POINT (16.360379409660123 48.206628693583724),VOLKSTHEATER,U3,Aufzug fährt vom Zwischengeschoß an die Oberfläche Ausgang Volksgarten.,VT A06,,Wiener Linien,
AUFZUGOGD.1723,1723,POINT (16.358439864942284 48.205038024040036),VOLKSTHEATER,U3,Aufzug fährt vom Bahnsteig der Linie U3 zu dem Bahnsteig der Linie U2 (Richtung Schottenring) Ausgang Bellariastraße.,VT A03,,Wiener Linien,
AUFZUGOGD.1724,1724,POINT (16.359360975087974 48.20583733836144),VOLKSTHEATER,U3,Aufzug fährt vom Bahnsteig der Linie U3 ins Zwischengeschoß Aufgang Ring.,VT A04,,Wiener Linien,
AUFZUGOGD.1695,1695,POINT (16.34733106139342 48.197377788735444),ZIEGLERGASSE,U3,Aufzug fährt vom Gleis 2 Richtung Ottakring zu Gleis 1 Richtung Erdberg und zu Zwischengeschoß. (Ost),GZ A04,,Wiener Linien,
AUFZUGOGD.1696,1696,POINT (16.347676303110173 48.19743010241933),ZIEGLERGASSE,U3,Aufzug fährt vom Zwischengeschoß (Ost) an die Oberfläche Ausgang Otto Bauer Gasse.,GZ A03,,Wiener Linien,
AUFZUGOGD.1697,1697,POINT (16.345327230659528 48.19695204315622),ZIEGLERGASSE,U3,Aufzug fährt vom Gleis 2 Richtung Ottakring zu Gleis 1 Richtung Erdberg und zu Zwischengeschoß. (West),GZ A02,,Wiener Linien,
AUFZUGOGD.1698,1698,POINT (16.319006094871558 48.19821636497357),JOHNSTRASSE,U3,Aufzug fährt vom Zwischengeschoß zu Zwischengeschoß Ausgang Markt und an die Oberfläche.,JO A04,,Wiener Linien,
AUFZUGOGD.1699,1699,POINT (16.32163668637574 48.19753272008296),JOHNSTRASSE,U3,Aufzug fährt vom U3 Bahnsteig an die Oberfläche Ausgang Wasserwelt.,JO A01,,Wiener Linien,
AUFZUGOGD.1700,1700,POINT (16.31926129753297 48.19771212407622),JOHNSTRASSE,U3,Aufzug fährt vom U3 Bahnsteig ins Zwischengeschoß Aufgang Meiselmarkt.,JO A03,,Wiener Linien,
AUFZUGOGD.1701,1701,POINT (16.31103507271738 48.21030143772136),OTTAKRING,U3,Aufzug fährt vom Gleis 1 und 3 Richtung Erdberg an die Oberfläche Ausgang Koppstraße.,OK A04,,Wiener Linien,
AUFZUGOGD.1702,1702,POINT (16.311220199661065 48.21028244294018),OTTAKRING,U3,Aufzug fährt vom Gleis 2 Endstation an die Oberfläche Ausgang Koppstraße.,OK A03,,Wiener Linien,
AUFZUGOGD.1703,1703,POINT (16.311475877377724 48.21161499227078),OTTAKRING,U3,Aufzug fährt vom Gleis1 und 3 Richtung Simmering an die Oberfläche Ausgang Thaliastraße.,OK A01,,Wiener Linien,
AUFZUGOGD.1725,1725,POINT (16.358171606213755 48.20479845399405),VOLKSTHEATER,U3,Aufzug fährt vom Bahnsteig der Linie U3 auf den Bahnsteig der Linie  U2 (Richtung Karlsplatz) Ausgang Burggasse.,VT A02,,Wiener Linien,
AUFZUGOGD.1726,1726,POINT (16.359983063465958 48.20655897919428),VOLKSTHEATER,U3,Aufzug fährt vom Zwischengeschoß an die Oberfläche Ausgang Dr.Karl Renner Ring.,VT A05,,Wiener Linien,
AUFZUGOGD.1727,1727,POINT (16.38507328696094 48.20594144309101),LANDSTRASSE,U3,Aufzug fährt vom U3-Mittelbahnsteig in das Zwischengeschoß.,LA A03,,Wiener Linien,
AUFZUGOGD.1728,1728,POINT (16.39328030503511 48.201552317807995),ROCHUSGASSE,U3,Aufzug fährt vom Mittelbahnsteig in das Aufnahmegebäude Ausgang Rochusmarkt,RG A02,,Wiener Linien,
AUFZUGOGD.1729,1729,POINT (16.391353411350824 48.20256770122937),ROCHUSGASSE,U3,Aufzug fährt vom Mittelbahnsteig in das Aufnahmegebäude Ausgang Hainburger Straße,RG A01,,Wiener Linien,
AUFZUGOGD.1730,1730,POINT (16.310902814852565 48.20018056935861),HÜTTELDORFER STR.,U3,Aufzug fährt vom Bahnsteig an die Oberfläche Ausgang Feilplatz.,HH A02,,Wiener Linien,
AUFZUGOGD.1731,1731,POINT (16.311843976395817 48.19948081430649),HÜTTELDORFER STR.,U3,Aufzug fährt vom Bahnsteig an die Oberfläche Ausgang Hütteldorferstr./Breitenseerstraße.,HH A03,,Wiener Linien,
AUFZUGOGD.1732,1732,POINT (16.339103857177896 48.19716059380263),WESTBAHNHOF,U3,Aufzug fährt vom U6 Bahnsteig an die Oberfläche Westbahnhof.,WS A02,,Wiener Linien,
AUFZUGOGD.1733,1733,POINT (16.339508139135436 48.195970437276245),WESTBAHNHOF,U3,Aufzug fährt vom U3 Bahnsteig zu Zwischengeschoß (Stationswart)  und zum U6 Bahnsteig.,WS A04,,Wiener Linien,
AUFZUGOGD.1734,1734,POINT (16.340243856594835 48.19611661730371),WESTBAHNHOF,U3,Aufzug fährt vom Zwischengeschoß (Stationswart) zu Zwischengeschoß (Toilette) und an die Oberfläche (Innere Mariahilferstraße),WS A07,,Wiener Linien,
AUFZUGOGD.1735,1735,POINT (16.336990707129154 48.195880644777716),WESTBAHNHOF,U3,Aufzug fährt vom U3 Bahnsteig an die Oberfläche Ausgang Gerstnergasse (Äusere Mariahilferstraße).,WS A12,,Wiener Linien,
AUFZUGOGD.1736,1736,POINT (16.339506188947905 48.195974111071685),WESTBAHNHOF,U3,Aufzug fährt vom U3 Bahnsteig zu Zwischengeschoß (Stationswart)  und zum U6 Bahnsteig.,WS A05,,Wiener Linien,
AUFZUGOGD.1737,1737,POINT (16.417705498643645 48.18529662487777),GASOMETER,U3,Aufzug fährt vom Bahnsteig der Linie U3 Gleis 2 an die Oberfläche Ausgang Modecenterstraße/Gasometer,AW A02,,Wiener Linien,
AUFZUGOGD.1738,1738,POINT (16.41751779658006 48.1853538650951),GASOMETER,U3,Aufzug fährt vom Bahnsteig der Linie U3 Gleis 1 an die Oberfläche Ausgang Modecenterstraße/Gasometer.,AW A01,,Wiener Linien,
AUFZUGOGD.1739,1739,POINT (16.380038204594882 48.206980125959234),STUBENTOR,U3,Aufzug fährt vom Seitenbahnsteig (Fahrtrichtung 2 nach Ottakring) auf den Seitenbahnsteig (Fahrtrichtung 1 nach Simmering) und in das Aufnahmegebäude Ausgang Parkring,SE A01,,Wiener Linien,
AUFZUGOGD.1740,1740,POINT (16.40743861135854 48.19412525388416),SCHLACHTHAUSGASSE,U3,Aufzug fährt vom Mittelbahnsteig in das Zwischengeschoß und in das stadtauswärtige Aufnahmegebäude Ausgang Markhofgasse,SG A01,,Wiener Linien,
AUFZUGOGD.1741,1741,POINT (16.405842806601342 48.194810724460034),SCHLACHTHAUSGASSE,U3,Aufzug fährt vom Mittelbahnsteig in das stadteinwärtige Aufnahmegebäude Ausgang Schlachthausgasse und Hainburger Weg Niveau +1,SG A02,,Wiener Linien,
AUFZUGOGD.1742,1742,POINT (16.421336848537578 48.16929872115664),SIMMERING,U3,Aufzug fährt vom Bahnsteig der Linie U3 in das Zwischengeschoß Ausgang Kaiserebersdorferstraße / Strachegasse.,SA A03,,Wiener Linien,
AUFZUGOGD.1743,1743,POINT (16.421122879364024 48.168970945817954),SIMMERING,U3,Aufzug fährt vom Zwischengeschoß an die Oberfläche Ausgang Strachegasse.,SA A04,,Wiener Linien,
AUFZUGOGD.1744,1744,POINT (16.399133007938232 48.19801449422856),KARDINAL-NAGL-PLATZ,U3,Aufzug fährt vom Mittelbahnsteig in das stadteinwärtige Aufnahmgebäude Ausgang Keinergasse,KN A01,,Wiener Linien,
AUFZUGOGD.1745,1745,POINT (16.260816151848868 48.196989922943736),HÜTTELDORF,U4,Aufzug fährt von der Passage auf den U4 Bahnsteig.,HF A01,,Wiener Linien,
AUFZUGOGD.1746,1746,POINT (16.36341045759929 48.22843158205878),FRIEDENSBRÜCKE,U4,Aufzug fährt vom Mittelbahnsteigende in das stadtauswärtige Aufnahmegebäude Ausgang Gussenbauergasse.,FB A01,,Wiener Linien,
AUFZUGOGD.1747,1747,POINT (16.343514004939895 48.1885902716137),MARGARETENGÜRTEL,U4,Aufzug fährt vom Bahnsteig Gleis 2 Richtung Hütteldorf an die Oberfläche.,MG A02,,Wiener Linien,
AUFZUGOGD.1748,1748,POINT (16.34353059298372 48.18846653780467),MARGARETENGÜRTEL,U4,Aufzug fährt vom Bahnsteig Gleis 1 Richtung Heiligenstadt an die Oberfläche.,MG A01,,Wiener Linien,
AUFZUGOGD.1749,1749,POINT (16.32908868777094 48.183652904245974),MEIDLING HAUPTSTRASSE,U4,Aufzug fährt vom Mittelbahnsteig an die Oberfläche Meidlinger Hauptstraße/Lobkowitzbrücke.,MH A01,,Wiener Linien,
AUFZUGOGD.1750,1750,POINT (16.27694529033962 48.19221743550651),OBER ST.VEIT,U4,Aufzug fährt vom Bahnsteig der Linie U4 Gleis 2 Richtung Hütteldorf an die Oberfläche.,OV A02,,Wiener Linien,
AUFZUGOGD.1751,1751,POINT (16.276933552815755 48.19210956087409),OBER ST.VEIT,U4,Aufzug fährt vom Bahnsteig der Linie U4 Gleis 1 Richtung Heiligenstadt an die Oberfläche.,OV A01,,Wiener Linien,
AUFZUGOGD.1752,1752,POINT (16.369035783157575 48.200502931208995),KARLSPLATZ,U4,Aufzug fährt vom U4 Bahnsteig in die Karlsplatzpassage.,KP A05,,Wiener Linien,
AUFZUGOGD.1753,1753,POINT (16.36582809963724 48.24861896341417),HEILIGENSTADT,U4,"Aufzug fährt von der Passage auf den Mittelbahnsteig (Gleis 2, Gleis 4; Fahrtrichtung 2 nach Hütteldorf) und ÖBB-Seitenbahnsteig",HS A02,,Wiener Linien,
AUFZUGOGD.1754,1754,POINT (16.364534711831784 48.209181319388584),HERRENGASSE,U3,Aufzug fährt vom Bahnsteig der Linie U3 ins Zwischengeschoß Aufgang Minoritenplatz.,HZ A03,,Wiener Linien,
AUFZUGOGD.1755,1755,POINT (16.364658843550508 48.20919841174271),HERRENGASSE,U3,Aufzug fährt vom Zwischengeschoß an die Oberfläche Ausgang Herrengasse,HZ A01,,Wiener Linien,
AUFZUGOGD.1756,1756,POINT (16.36454206446912 48.20917338555319),HERRENGASSE,U3,Aufzug fährt vom Bahnsteig der Linie U3 ins Zwischengeschoß Aufgang Minoritenplatz.,HZ A02,,Wiener Linien,
AUFZUGOGD.1757,1757,POINT (16.41990612553702 48.17028853271984),SIMMERING,U3,Aufzug fährt vom Bahnsteig der Linie U3 an die Oberfläche Ausgang Simmeringer Hauptstraße und auf den ÖBB Bahnsteig.,SA A01,,Wiener Linien,
AUFZUGOGD.1758,1758,POINT (16.318454427013496 48.186252216675854),SCHÖNBRUNN,U4,Aufzug fährt vom Bahnsteig der Linie U4 Gleis 2 Richtung Hütteldorf an die Oberfläche.,SB A02,,Wiener Linien,
AUFZUGOGD.1759,1759,POINT (16.31838591147341 48.18613489720607),SCHÖNBRUNN,U4,Aufzug fährt vom Bahnsteig der Linie U4 Gleis 1 Richtung Heiligenstadt an die Oberfläche.,SB A01,,Wiener Linien,
AUFZUGOGD.1768,1768,POINT (16.295091977289193 48.18961269693227),BRAUNSCHWEIGGASSE,U4,Aufzug fährt vom Bahnsteig der Linie U4 Gleis 2 an die Oberfläche Steg/Rampe.,BR A02,,Wiener Linien,
AUFZUGOGD.1769,1769,POINT (16.295047045972126 48.18952226095247),BRAUNSCHWEIGGASSE,U4,Aufzug fährt vom Bahnsteig der Linie U4 Gleis 1 an die Oberfläche Steg/Rampe.,BR A01,,Wiener Linien,
AUFZUGOGD.1770,1770,POINT (16.379223627551287 48.23682903743284),DRESDNER STRASSE,U6,Aufzug fährt vom Mittelbahnsteig in das stadteinwärtige Aufnahmegebäude Ausgang Dresdner Straße,DS A02,,Wiener Linien,
AUFZUGOGD.1771,1771,POINT (16.38102069673985 48.237667500292936),DRESDNER STRASSE,U6,Aufzug fährt vom Mittelbahnsteig in das stadtauswärtige Aufnahmegebäude Ausgang Pasettistraße,DS A01,,Wiener Linien,
AUFZUGOGD.1772,1772,POINT (16.38475867629611 48.24184745198291),HANDELSKAI,U6,Aufzug fährt vom stadteinwärtigen Aufnahmegebäude Ausgang Engerthstraße auf den ÖBB-Bahnsteig (Richtung Wien Floridsdorf),HK A05,,Wiener Linien,
AUFZUGOGD.1773,1773,POINT (16.38517154747547 48.24149274078423),HANDELSKAI,U6,Aufzug fährt vom stadteinwärtigen Aufnahmegebäude Ausgang Engerthstraße auf den U6-Bahnsteig (Fahrtrichtung 1 nach Floridsdorf),HK A08,,Wiener Linien,
AUFZUGOGD.1774,1774,POINT (16.384924751343533 48.241680820971496),HANDELSKAI,U6,Aufzug fährt vom stadteinwärtigen Aufnahmegebäude Ausgang Engerthstraße auf den ÖBB-Bahnsteig (Richtung Wien Meidling und Flughafen),HK A06,,Wiener Linien,
AUFZUGOGD.1775,1775,POINT (16.386021102298564 48.24209040744934),HANDELSKAI,U6,Aufzug fährt vom ÖBB-Mittelbahnsteig (S45) auf den U6-Bahnsteig (Fahrtrichtung 2 nach Siebenhirten),HK A03,,Wiener Linien,
AUFZUGOGD.1776,1776,POINT (16.385003097418192 48.24165778677241),HANDELSKAI,U6,Aufzug fährt vom stadteinwärtigen Aufnahmegebäude Ausgang Engerthstraße auf den U6-Bahnsteig (Fahrtrichtung 2 nach Siebenhirten),HK A07,,Wiener Linien,
AUFZUGOGD.1777,1777,POINT (16.38616229130127 48.2419777192748),HANDELSKAI,U6,Aufzug fährt vom ÖBB-Mittelbahnsteig (S45) auf den U6-Bahnsteig (Fahrtrichtung 1 nach Floridsdorf),HK A04,,Wiener Linien,
AUFZUGOGD.1778,1778,POINT (16.385929745295908 48.24216500310382),HANDELSKAI,U6,Aufzug fährt vom ÖBB-Mittelbahnsteig (S45) auf den ÖBB-Seitenbahnsteig (Richtung Wien Meidling und Flughafen),HK A02,,Wiener Linien,
AUFZUGOGD.1779,1779,POINT (16.38577674044655 48.24233956188316),HANDELSKAI,U6,Aufzug fährt vom ÖBB-Mittelbahnsteig (S45) auf den ÖBB-Seitenbahnsteig (Richtung Wien Floridsdorf),HK A01,,Wiener Linien,
AUFZUGOGD.1780,1780,POINT (16.369760061579644 48.23523717491408),JÄGERSTRASSE,U6,Aufzug fährt vom Mittelbahnsteig in das stadtauswärtige Aufnahmegebäude Ausgang Jägerstraße,JG A01,,Wiener Linien,
AUFZUGOGD.1781,1781,POINT (16.367682381576596 48.2351949338143),JÄGERSTRASSE,U6,Aufzug fährt vom Mittelbahnsteig in das stadteinwärtige Aufnahmegebäude Ausgang Leipziger Platz,JG A02,,Wiener Linien,
AUFZUGOGD.1782,1782,POINT (16.33135000810745 48.173260612878366),BAHNHOF MEIDLING,U6,Aufzug fährt vom Bahnsteig der Linie U6 ins Zwischengeschoß (Zugang zur ÖBB) und an die Oberfläche Ausgang Schedifkaplatz.,PH A02,,Wiener Linien,
AUFZUGOGD.1783,1783,POINT (16.331515881601185 48.174800142208845),BAHNHOF MEIDLING,U6,Aufzug fährt vom Zwischengeschoß auf die Oberfläche Ausgang Wilhelmstraße.,PH A01,,Wiener Linien,
AUFZUGOGD.1784,1784,POINT (16.39449666465288 48.246244886206966),NEUE DONAU,U6,Aufzug fährt vom Aufnahmegebäude Ausgang Neue Donau auf den Bahnsteig (Fahrtrichtung 2 nach Siebenhirten),ND A02,,Wiener Linien,
AUFZUGOGD.1785,1785,POINT (16.286547764891058 48.191105217561905),UNTER ST.VEIT,U4,Aufzug fährt vom Bahnsteig der Linie U4 Gleis 2 Richtung Hütteldorf an die Oberfläche.,UV A02,,Wiener Linien,
AUFZUGOGD.1786,1786,POINT (16.380291486487852 48.20311915289354),STADTPARK,U4,Aufzug fährt vom Bahnsteig der Linie U4 Gleis 1 Richtung Heiligenstadt an die Oberfläche.,ST A01,,Wiener Linien,
AUFZUGOGD.1787,1787,POINT (16.380078517138582 48.203263870786856),STADTPARK,U4,Aufzug fährt vom Bahnsteig der Linie U4 Gleis 2 Richtung Hütteldorf an die Oberfläche.,ST A02,,Wiener Linien,
AUFZUGOGD.1788,1788,POINT (16.394712645861457 48.246121036777375),NEUE DONAU,U6,Aufzug fährt vom Aufnahmegebäude Ausgang Neue Donau auf den Bahnsteig (Fahrtrichtung 1 nach Floridsdorf),ND A01,,Wiener Linien,
AUFZUGOGD.1760,1760,POINT (16.365993871818944 48.248605278760735),HEILIGENSTADT,U4,"Aufzug fährt von der Passage auf den Mittelbahnsteig (Gleis 1, Gleis 3; Fahrtrichtung 1 nach Heiligenstadt)",HS A01,,Wiener Linien,
AUFZUGOGD.1761,1761,POINT (16.367465785312167 48.22267513972342),ROSSAUER LÄNDE,U4,"Aufzug fährt vom Seitenbahnsteigende (Gleis 2, Fahrtrichtung 2 nach Hütteldorf) in das stadtauswärtige Aufnahmegebäude Ausgang Seegasse",RL A02,,Wiener Linien,
AUFZUGOGD.1762,1762,POINT (16.3676188941967 48.222666373593185),ROSSAUER LÄNDE,U4,"Aufzug fährt vom Seitenbahnsteigende (Gleis 1, Fahrtrichtung 1 nach Heiligenstadt) in das stadtauswärtige Aufnahmegebäude Ausgang Seegasse",RL A01,,Wiener Linien,
AUFZUGOGD.1763,1763,POINT (16.304466499529397 48.187529665099994),HIETZING,U4,Aufzug fährt vom Bahnsteig der Linie U4 Gleis 1 Richtung Heiligenstadt an die Oberfläche Kennedybrücke.,HI A01,,Wiener Linien,
AUFZUGOGD.1764,1764,POINT (16.30452334682879 48.187672448629904),HIETZING,U4,Aufzug fährt vom Bahnsteig der Linie U4 Gleis 2 Richtung Hütteldorf an die Oberfläche Kennedybrücke.,HI A02,,Wiener Linien,
AUFZUGOGD.1765,1765,POINT (16.370801206127478 48.20053096588913),KARLSPLATZ,U4,Aufzug führt von Passage Karlsplatz zur Oberfläche - Ausgang Künstlerhaus.,KP A08,,Wiener Linien,
AUFZUGOGD.1766,1766,POINT (16.357544786673383 48.19659936751264),KETTENBRÜCKENGASSE,U4,Aufzug fährt vom Bahnsteig der Linie U4 Gleis 2 Richtung Hütteldorf an die Oberfläche.,KG A02,,Wiener Linien,
AUFZUGOGD.1767,1767,POINT (16.35759930862455 48.19647879758937),KETTENBRÜCKENGASSE,U4,Aufzug fährt vom Bahnsteig der Linie U4 Gleis 1 Richtung Heiligenstadt an die Oberfläche.,KG A01,,Wiener Linien,
AUFZUGOGD.1789,1789,POINT (16.400462096745706 48.2562646846014),FLORIDSDORF,U6,Aufzug fährt vom U6-Mittelbahnsteig in die Passage und auf den ÖBB-Bahnsteig (Richtung Flughafen),FL A01,,Wiener Linien,
AUFZUGOGD.1790,1790,POINT (16.400494156830625 48.25625752880155),FLORIDSDORF,U6,Aufzug fährt vom U6-Mittelbahnsteig in die Passage und auf den ÖBB-Bahnsteig (Richtung Flughafen),FL A02,,Wiener Linien,
AUFZUGOGD.1791,1791,POINT (16.334378633833637 48.184422784762376),LÄNGENFELDGASSE,U6,Aufzug fährt vom Bahnsteig der Linie U6 Gleis 1 Richtung Floridsdorf / der Linie U4 Gleis 2 Heiligenstadt an die Oberfläche.,LE A01,,Wiener Linien,
AUFZUGOGD.1792,1792,POINT (16.334296793710397 48.184489408232515),LÄNGENFELDGASSE,U6,Aufzug fährt vom Bahnsteig der Linie U6 Gleis 2 Richtung Siebenhirten / der Linie U4 Gleis 2 Hütteldorf an die Oberfläche,LE A02,,Wiener Linien,
AUFZUGOGD.1793,1793,POINT (16.331075383830395 48.18042597761699),NIEDERHOFSTRASSE,U6,Aufzug fährt vom U6 Bahnsteig ins Zwischengeschoß (Telefon) und an die Oberfläche Ausgang Vivenotgasse.,NH A01,,Wiener Linien,
AUFZUGOGD.1794,1794,POINT (16.337706904843678 48.19079419726881),GUMPENDORFER STRASSE,U6,Aufzug fährt von Ausgang auf Bahnsteig der Linie U6 Gleis 1 Richtung Floridsdorf.,GU A01,,Wiener Linien,
AUFZUGOGD.1795,1795,POINT (16.337377139137512 48.19078388965508),GUMPENDORFER STRASSE,U6,Aufzug fährt von Ausgang auf Bahnsteig der Linie U6 Gleis 2 Richtung Siebenhirten.,GU A02,,Wiener Linien,
AUFZUGOGD.1796,1796,POINT (16.316701876490505 48.15116010728584),ALTERLAA,U6,Aufzug fährt von Ausgang Anton Baumgartner Straße zu Zwischengeschoß Passage und auf Bahnsteig der Linie U6 Gleis 2 Richtung Siebenhirten.,AE A02,,Wiener Linien,
AUFZUGOGD.1797,1797,POINT (16.317071661590145 48.151219656353426),ALTERLAA,U6,Aufzug fährt von Ausgang Anton Baumgartner Straße zu Bahnsteig der Linie U6 Gleis 1 Richtung Floridsdorf.,AE A01,,Wiener Linien,
AUFZUGOGD.1798,1798,POINT (16.316430474929014 48.141792839652474),ERLAAER STRASSE,U6,Aufzug fährt von Ausgang auf Bahnsteig der Linie U6 Gleis 2 Richtung Siebenhirten.,ES A02,,Wiener Linien,
AUFZUGOGD.1799,1799,POINT (16.316633124517377 48.14178648535687),ERLAAER STRASSE,U6,Aufzug fährt von Ausgang auf Bahnsteig der Linie U6 Gleis 1 Richtung Floridsdorf.,ES A01,,Wiener Linien,
AUFZUGOGD.1800,1800,POINT (16.309598685653622 48.12997335696389),SIEBENHIRTEN,U6,Aufzug fährt von Ausgang auf Bahnsteig der Linie U6 Gleis 2 Endstation.,HT A02,,Wiener Linien,
AUFZUGOGD.1801,1801,POINT (16.309803669443575 48.12994722988339),SIEBENHIRTEN,U6,Aufzug fährt von Ausgang auf Bahnsteig der Linie U6 Gleis 1 Richtung Floridsdorf.,HT A01,,Wiener Linien,
AUFZUGOGD.1802,1802,POINT (16.31325468786525 48.136511859817524),PERFEKTASTRASSE,U6,Aufzug fährt von Ausgang auf Bahnsteig der Linie U6 Gleis 1 Richtung Floridsdorf.,PF A01,,Wiener Linien,
AUFZUGOGD.1803,1803,POINT (16.31307550680698 48.13654774427872),PERFEKTASTRASSE,U6,Aufzug fährt von Ausgang auf Bahnsteig der Linie U6 Gleis 2 Richtung Siebenhirten.,PF A02,,Wiener Linien,
AUFZUGOGD.1804,1804,POINT (16.341663314947265 48.2167396705003),ALSER STRASSE,U6,Aufzug fährt vom Ausgang zu Bahnsteig der Linie U6 Gleis 2 Fahrtrichtung Siebenhirten.,AS A02,,Wiener Linien,
AUFZUGOGD.1805,1805,POINT (16.342012247792326 48.216857038807156),ALSER STRASSE,U6,Aufzug fährt vom Ausgang zu Bahnsteig der Linie U6 Gleis 1 Fahrtrichtung Floridsdorf.,AS A01,,Wiener Linien,
AUFZUGOGD.1806,1806,POINT (16.32786861312508 48.16518687602321),TSCHERTTEGASSE,U6,Aufzug fährt vom Bahnsteig der Linie U6 Gleis 2 Richtung Siebenhirten zum Ausgang Tschertegasse.,TE A01,,Wiener Linien,
AUFZUGOGD.1807,1807,POINT (16.33735132512147 48.20270339624447),BURGGASSE-STADTHALLE,U6,Aufzug fährt vom Bahnsteig der Linie U6 Gleis 1 Richtung Floridsdorf an die Oberfläche.,BU A01,,Wiener Linien,
AUFZUGOGD.1808,1808,POINT (16.337175727029347 48.20269467364198),BURGGASSE-STADTHALLE,U6,Aufzug fährt vom Bahnsteig der Linie U6 Gleis 2 Richtung Siebenhirten an die Oberfläche.,BU A02,,Wiener Linien,
AUFZUGOGD.1809,1809,POINT (16.35805999184805 48.235448599322275),SPITTELAU,U6,Aufzug fährt vom ÖBB-Mittelbahnsteig über Zwischengeschoss auf den U6-Bahnsteig (Fahrtrichtung 1 nach Floridsdorf),AU A04,,Wiener Linien,
AUFZUGOGD.1810,1810,POINT (16.358432816721972 48.2355254633422),SPITTELAU,U6,Aufzug fährt vom U4-Mittelbahnsteig über Zwischengeschoss auf den U6-Bahnsteig (Fahrtrichtung 1 nach Floridsdorf),AU A02,,Wiener Linien,
AUFZUGOGD.1811,1811,POINT (16.35841153666381 48.23573327190714),SPITTELAU,U6,Aufzug fährt vom U4-Mittelbahnsteig über Zwischengeschoss auf den U6-Bahnsteig (Fahrtrichtung 2 nach Siebenhirten),AU A03,,Wiener Linien,
AUFZUGOGD.1812,1812,POINT (16.358846491677056 48.23400809019586),SPITTELAU,U6,Aufzug fährt vom U4-Mittelbahnsteig in das stadteinwärtige Aufnahmegebäude Ausgang Verkehrsamt,AU A01,,Wiener Linien,
AUFZUGOGD.1813,1813,POINT (16.358104033098424 48.23571350202892),SPITTELAU,U6,Aufzug fährt vom ÖBB-Mittelbahnsteig über Zwischengeschoss auf den U6-Bahnsteig (Fahrtrichtung 2 nach Siebenhirten),AU A05,,Wiener Linien,
AUFZUGOGD.1814,1814,POINT (16.357244487906655 48.235758872679824),SPITTELAU,U6,Aufzug fährt vom Aufnahmegebäude Ausgang Heiligenstädter Straße in das Zwischengeschoss,AU A06,,Wiener Linien,
AUFZUGOGD.1815,1815,POINT (16.352613105580215 48.23128833219567),NUSSDORFER STRASSE,U6,Aufzug fährt vom Ausgang zu Bahnsteig der Linie U6 Gleis 1 Richtung Floridsdorf.,NS A01,,Wiener Linien,
AUFZUGOGD.1816,1816,POINT (16.352299728912175 48.2313768120626),NUSSDORFER STRASSE,U6,Aufzug fährt vom Ausgang zu Bahnsteig der Linie U6 Gleis 2 Richtung Siebenhirten.,NS A02,,Wiener Linien,
AUFZUGOGD.1817,1817,POINT (16.339027123339864 48.21139630975804),JOSEFSTÄDTER STRASSE,U6,Aufzug fährt von Ausgang zu Bahnsteig der Linie U6 Gleis 2 Richtung Siebenhirten.,JS A02,,Wiener Linien,
AUFZUGOGD.1818,1818,POINT (16.33929888086684 48.211527965955554),JOSEFSTÄDTER STRASSE,U6,Aufzug fährt vom Ausgang zu Bahnsteig der Linie U6 Gleis 1 Richtung Floridsdorf.,JS A01,,Wiener Linien,
AUFZUGOGD.1819,1819,POINT (16.34934553342277 48.22549541785346),WÄHRINGER STRASSE - VOLKSOPER,U6,Aufzug fährt vom Ausgang zu Bahnsteig der Linie U6 Gleis 2 Richtung Siebenhirten.,WA A02,,Wiener Linien,
AUFZUGOGD.1820,1820,POINT (16.34963622702467 48.225649254904056),WÄHRINGER STRASSE - VOLKSOPER,U6,Aufzug fährt vom Ausgang zu Bahnsteig der Linie U6 Gleis 1 Richtung Floridsdorf.,WA A01,,Wiener Linien,
AUFZUGOGD.1821,1821,POINT (16.324445458212637 48.16123665279571),AM SCHÖPFWERK,U6,Aufzug fährt von Ausgang auf Bahnsteig der Linie U6 Gleis 2 Richtung Siebenhirten.,PW A02,,Wiener Linien,
AUFZUGOGD.1822,1822,POINT (16.324656495577898 48.161177980227976),AM SCHÖPFWERK,U6,Aufzug fährt von Ausgang auf Bahnsteig der Linie U6 Gleis 1 Richtung Floridsdorf.,PW A01,,Wiener Linien,
AUFZUGOGD.1823,1823,POINT (16.35963744075953 48.17989639645979),,,"Aufzug fährt vom Bahnsteig der Linien 1, 6 Richtung Prater Hauptallee (1), Burggasse (6) an die Oberfläche Ausgang Evangelischer Friedhof.",MP A04,,Wiener Linien,
AUFZUGOGD.1824,1824,POINT (16.36006496565054 48.18114632060994),,,"Aufzug fährt vom Bahnsteig Linien 1, 18, 62, WLB Richtung Stefan Fadinger Platz (1), Burggasse (18), Lainz (62), Baden (WLB) an die Oberfläche.",MP A01,,Wiener Linien,
AUFZUGOGD.1825,1825,POINT (16.349413530012242 48.18061425129653),,,"Aufzug fährt vom Bahnsteig der Linien 6,18,62, WLB Fahrtrichtung Burggasse (6,18), Lainz (62), Baden (WLB) an die Oberfläche.",EI A02,,Wiener Linien,
AUFZUGOGD.1826,1826,POINT (16.364514395467438 48.18262295679385),,,"Aufzug fährt vom Bahnsteig der Linien 1,18,62, WLB Richtung Prater Hauptallee (1), Schlachthausgasse (18), Kärnter Ring - Oper (62, WLB) zur Oberfläche Ausgang Landgutgasse (10. Bezirk).",KL A03,,Wiener Linien,
AUFZUGOGD.1827,1827,POINT (16.36439723565812 48.183086981208504),,,Aufzug fährt vom Bahnsteig Linie 18 Richtung Burggasse an die Oberfläche Ausgang Kliebergasse (5. Bezirk).,KL A02,,Wiener Linien,
AUFZUGOGD.1828,1828,POINT (16.36407289763317 48.18294381675702),,,"Aufzug fährt vom Bahnsteig der Linien 1, 62, WLB Richtung Stefan Fadinger Platz (1), Lainz(62), Baden (WLB) an die Oberfläche Ausgang Kliebergasse / Gassergasse (5. Bezirk).",KL A01,,Wiener Linien,
AUFZUGOGD.1829,1829,POINT (16.362997917775516 48.185726143500816),,62,"Aufzug fährt vom Bahnsteig der Linien 1, 62, WLB Richtung Prater Hauptallee (1), Kärnter Ring Oper (62, WLB) an die Oberfläche.",LG A01,,Wiener Linien,
AUFZUGOGD.1830,1830,POINT (16.453160422667747 48.22954971037528),,,Erzherzog-Karl-Straße,erzhe A01,,Wiener Linien,
AUFZUGOGD.1831,1831,POINT (16.34394499493761 48.220977248746),MICHELBEUERN - ALLG.KRANKENHAUS,U6,Aufzug fährt vom Mittelbahnsteig in die Passage zum AKH oder über den Gürtel.,MB A02,,Wiener Linien,
AUFZUGOGD.1832,1832,POINT (16.343957287317135 48.22097751500795),MICHELBEUERN - ALLG.KRANKENHAUS,U6,Aufzug fährt vom Mittelbahnsteig in die Passage zum AKH oder über den Gürtel.,MB A01,,Wiener Linien,
AUFZUGOGD.1833,1833,POINT (16.362784462334833 48.18580392189131),,62,"Aufzug fährt vom Bahnsteig der Linien 1, 62, WLB Richtung Stefan Fadinger Platz (1), Lainz (62), Baden (WLB) an die Oberfläche.",LG A02,,Wiener Linien,
AUFZUGOGD.1834,1834,POINT (16.358674702012706 48.18047876552192),,,"Aufzug fährt vom Bahnsteig der Linien 6, 18, 62 WLB Richtung Kaiserebersdorf (6), Schlachthausgasse (18), Kärntner Ring - Oper (62, WLB) an die Oberfläche (Anker).",MP A03,,Wiener Linien,
AUFZUGOGD.1835,1835,POINT (16.38020175749599 48.16960139554243),TROSTSTRASSE,U1,Aufzug fährt vom U1 Bahnsteig an die Oberfläche Ausgang Angeligasse.,TO A03,,Wiener Linien,
AUFZUGOGD.1836,1836,POINT (16.38030238239648 48.168309059205264),TROSTSTRASSE,U1,Aufzug fährt vom U1 Bahnsteig an die Oberfläche Ausgang Klausenburger Straße.,TO A04,,Wiener Linien,
AUFZUGOGD.1837,1837,POINT (16.50867636392349 48.22690321485621),SEESTADT,U2,Aufzug fährt vom U2 Bahnsteig zum Ausgang Seestadt Promenade.,EE A02,,Wiener Linien,
AUFZUGOGD.1838,1838,POINT (16.50447952332246 48.2343027735716),ASPERN NORD,U2,Aufzug fährt von der Passage/Zugang U2 zum Ausgang Ostbahn Begleitstraße.,AN A01,,Wiener Linien,
AUFZUGOGD.1839,1839,POINT (16.504524647659096 48.23430588028872),ASPERN NORD,U2,Aufzug fährt von der Passage/Zugang U2 zum Ausgang Ostbahn Begleitstraße.,AN A02,,Wiener Linien,
AUFZUGOGD.1840,1840,POINT (16.382289080676728 48.15452557054364),ALAUDAGASSE,U1,Aufzug fährt vom U1 Bahnsteig an die Oberfläche Ausgang Alaudagasse.,AL A01,,Wiener Linien,
AUFZUGOGD.1841,1841,POINT (16.484643261781486 48.23335691305375),HAUSFELDSTRASSE,U2,Aufzug fährt vom U2 Bahnsteig zum Ausgang Hasibederstraße.,HU A01,,Wiener Linien,
AUFZUGOGD.1842,1842,POINT (16.382315159067883 48.1545255582704),ALAUDAGASSE,U1,Aufzug fährt vom U1 Bahnsteig an die Oberfläche Ausgang Alaudagasse.,AL A02,,Wiener Linien,
AUFZUGOGD.1843,1843,POINT (16.38363987989729 48.16166582629906),ALTES LANDGUT,U1,Aufzug fährt vom U1 Bahnsteig an die Oberfläche Ausgang Altes Landgut.,AT A01,,Wiener Linien,
AUFZUGOGD.1844,1844,POINT (16.374433123468666 48.18591563864515),SÜDTIROLER PLATZ - HAUPTBAHNHOF,U1,Aufzug fährt von Passage zu Bahnsteig der Schnellbahn Gl. 1/Bahnsteig der Linie 18 Richtung Schlachthausgasse und zur Oberfläche bei Staßenbahnhaltestelle der Linie O.,SL A05,,Wiener Linien,
AUFZUGOGD.1845,1845,POINT (16.37508444397662 48.186122433736806),SÜDTIROLER PLATZ - HAUPTBAHNHOF,U1,Aufzug fährt von Passage zu Bahnsteig der Schnellbahn Gl. 1 und zur Oberfläche bei Staßenbahnhaltestelle der Linie O.,SL A06,,Wiener Linien,
AUFZUGOGD.1846,1846,POINT (16.383699167217387 48.16167769990809),ALTES LANDGUT,U1,Aufzug fährt vom U1 Bahnsteig an die Oberfläche Ausgang Altes Landgut.,AT A02,,Wiener Linien,
AUFZUGOGD.1847,1847,POINT (16.38302209455113 48.16283202253919),ALTES LANDGUT,U1,Aufzug fährt vom U1 Bahnsteig an die Oberfläche Ausgang Favoritenstraße.,AT A03,,Wiener Linien,
AUFZUGOGD.1848,1848,POINT (16.48663330165215 48.23346377965727),HAUSFELDSTRASSE,U2,Aufzug fährt vom U2 Bahnsteig zum Ausgang Hausfeldstraße.,HU A02,,Wiener Linien,
AUFZUGOGD.1849,1849,POINT (16.267679243751388 48.1389550794305),,60,Aufzug fährt vom Bahnsteig ins Straßenniveau Ausgang Breitenfurter Straße.,BTF A01,,Wiener Linien,
AUFZUGOGD.1850,1850,POINT (16.380191341285833 48.16962233859073),TROSTSTRASSE,U1,Aufzug fährt vom U1 Bahnsteig an die Oberfläche Ausgang Angeligasse.,TO A01,,Wiener Linien,
AUFZUGOGD.1851,1851,POINT (16.4132263439409 48.19183225553232),ERDBERG,U3,Aufzug fährt vom Zwischengeschoß Ausgang Town Town an die Oberfläche Ausgang Nottendorfergasse.,ED A04,,Wiener Linien,
AUFZUGOGD.1852,1852,POINT (16.385042383122983 48.20722409844365),LANDSTRASSE,U4,Aufzug fährt vom U4 Bahnsteig an die Oberfläche Ausgang Gigergasse.,LA A06,,Wiener Linien,
AUFZUGOGD.1853,1853,POINT (16.38448055813826 48.20627069298052),LANDSTRASSE,U3,Aufzug fährt vom Zwischengeschoß (Zugang zur U3) auf den U4 Bahnsteig und ins Aufnahmegebäude Zugang zu den ÖBB Bahnsteigen und The Mall.,LA A01,,Wiener Linien,
AUFZUGOGD.1854,1854,POINT (16.38019655047212 48.169612343260496),TROSTSTRASSE,U1,Aufzug fährt vom U1 Bahnsteig an die Oberfläche Ausgang Angeligasse.,TO A02,,Wiener Linien,
AUFZUGOGD.1855,1855,POINT (16.380316126062677 48.16829794811862),TROSTSTRASSE,U1,Aufzug fährt vom U1 Bahnsteig an die Oberfläche Ausgang Klausenburger Straße.,TO A05,,Wiener Linien,
